{"500px_fab":["500px","fab",""],"accessible-icon_fab":["accessible-icon","fab","vehicles wheelchair-alt"],"accusoft_fab":["accusoft","fab",""],"address-book_far":["address-book","far","users-people address-book-o"],"address-book_fas":["address-book","fas","users-people address-book-o"],"address-card_far":["address-card","far","users-people vcard"],"address-card_fas":["address-card","fas","users-people vcard"],"adjust_fas":["adjust","fas","images"],"adn_fab":["adn","fab",""],"adversal_fab":["adversal","fab",""],"affiliatetheme_fab":["affiliatetheme","fab",""],"algolia_fab":["algolia","fab",""],"align-center_fas":["align-center","fas","editors"],"align-justify_fas":["align-justify","fas","editors"],"align-left_fas":["align-left","fas","editors"],"align-right_fas":["align-right","fas","editors"],"allergies_fas":["allergies","fas","medical"],"amazon-pay_fab":["amazon-pay","fab","payments-shopping"],"amazon_fab":["amazon","fab",""],"ambulance_fas":["ambulance","fas","vehicles"],"american-sign-language-interpreting_fas":["american-sign-language-interpreting","fas","communication asl-interpreting"],"amilia_fab":["amilia","fab",""],"anchor_fas":["anchor","fas","objects"],"android_fab":["android","fab",""],"angellist_fab":["angellist","fab",""],"angle-double-down_fas":["angle-double-down","fas","arrows"],"angle-double-left_fas":["angle-double-left","fas","arrows"],"angle-double-right_fas":["angle-double-right","fas","arrows"],"angle-double-up_fas":["angle-double-up","fas","arrows"],"angle-down_fas":["angle-down","fas","arrows"],"angle-left_fas":["angle-left","fas","arrows"],"angle-right_fas":["angle-right","fas","arrows"],"angle-up_fas":["angle-up","fas","arrows"],"angry_far":["angry","far",""],"angry_fas":["angry","fas",""],"angrycreative_fab":["angrycreative","fab",""],"angular_fab":["angular","fab",""],"app-store-ios_fab":["app-store-ios","fab",""],"app-store_fab":["app-store","fab",""],"apper_fab":["apper","fab",""],"apple-pay_fab":["apple-pay","fab","payments-shopping"],"apple_fab":["apple","fab",""],"archive_fas":["archive","fas","writing"],"archway_fas":["archway","fas",""],"arrow-alt-circle-down_far":["arrow-alt-circle-down","far","arrows arrow-circle-o-down"],"arrow-alt-circle-down_fas":["arrow-alt-circle-down","fas","arrows arrow-circle-o-down"],"arrow-alt-circle-left_far":["arrow-alt-circle-left","far","arrows arrow-circle-o-left"],"arrow-alt-circle-left_fas":["arrow-alt-circle-left","fas","arrows arrow-circle-o-left"],"arrow-alt-circle-right_far":["arrow-alt-circle-right","far","arrows arrow-circle-o-right"],"arrow-alt-circle-right_fas":["arrow-alt-circle-right","fas","arrows arrow-circle-o-right"],"arrow-alt-circle-up_far":["arrow-alt-circle-up","far","arrows arrow-circle-o-up"],"arrow-alt-circle-up_fas":["arrow-alt-circle-up","fas","arrows arrow-circle-o-up"],"arrow-circle-down_fas":["arrow-circle-down","fas","arrows"],"arrow-circle-left_fas":["arrow-circle-left","fas","arrows"],"arrow-circle-right_fas":["arrow-circle-right","fas","arrows"],"arrow-circle-up_fas":["arrow-circle-up","fas","arrows"],"arrow-down_fas":["arrow-down","fas","arrows"],"arrow-left_fas":["arrow-left","fas","arrows"],"arrow-right_fas":["arrow-right","fas","arrows"],"arrow-up_fas":["arrow-up","fas","arrows"],"arrows-alt-h_fas":["arrows-alt-h","fas","arrows arrows-h"],"arrows-alt-v_fas":["arrows-alt-v","fas","arrows arrows-v"],"arrows-alt_fas":["arrows-alt","fas","arrows arrows"],"assistive-listening-systems_fas":["assistive-listening-systems","fas","communication"],"asterisk_fas":["asterisk","fas","spinners"],"asymmetrik_fab":["asymmetrik","fab",""],"at_fas":["at","fas","communication"],"atlas_fas":["atlas","fas",""],"audible_fab":["audible","fab",""],"audio-description_fas":["audio-description","fas","audio-video"],"autoprefixer_fab":["autoprefixer","fab",""],"avianex_fab":["avianex","fab",""],"aviato_fab":["aviato","fab",""],"award_fas":["award","fas",""],"aws_fab":["aws","fab",""],"backspace_fas":["backspace","fas",""],"backward_fas":["backward","fas","audio-video"],"balance-scale_fas":["balance-scale","fas","objects"],"ban_fas":["ban","fas","status"],"band-aid_fas":["band-aid","fas","medical"],"bandcamp_fab":["bandcamp","fab",""],"barcode_fas":["barcode","fas","interfaces"],"bars_fas":["bars","fas","interfaces navicon"],"baseball-ball_fas":["baseball-ball","fas","sports"],"basketball-ball_fas":["basketball-ball","fas","sports"],"bath_fas":["bath","fas","objects bathtub"],"battery-empty_fas":["battery-empty","fas","status battery-0"],"battery-full_fas":["battery-full","fas","status battery-4"],"battery-half_fas":["battery-half","fas","status battery-2"],"battery-quarter_fas":["battery-quarter","fas","status battery-1"],"battery-three-quarters_fas":["battery-three-quarters","fas","status battery-3"],"bed_fas":["bed","fas","users-people hotel"],"beer_fas":["beer","fas","objects"],"behance-square_fab":["behance-square","fab",""],"behance_fab":["behance","fab",""],"bell-slash_far":["bell-slash","far","status bell-slash-o"],"bell-slash_fas":["bell-slash","fas","status bell-slash-o"],"bell_far":["bell","far","status bell-o"],"bell_fas":["bell","fas","status bell-o"],"bezier-curve_fas":["bezier-curve","fas",""],"bicycle_fas":["bicycle","fas","vehicles"],"bimobject_fab":["bimobject","fab",""],"binoculars_fas":["binoculars","fas","objects"],"birthday-cake_fas":["birthday-cake","fas","objects"],"bitbucket_fab":["bitbucket","fab"," bitbucket-square"],"bitcoin_fab":["bitcoin","fab","currency"],"bity_fab":["bity","fab",""],"black-tie_fab":["black-tie","fab",""],"blackberry_fab":["blackberry","fab",""],"blender_fas":["blender","fas",""],"blind_fas":["blind","fas","users-people"],"blogger-b_fab":["blogger-b","fab",""],"blogger_fab":["blogger","fab",""],"bluetooth-b_fab":["bluetooth-b","fab","communication"],"bluetooth_fab":["bluetooth","fab","communication"],"bold_fas":["bold","fas","editors"],"bolt_fas":["bolt","fas","images flash"],"bomb_fas":["bomb","fas","objects"],"bong_fas":["bong","fas",""],"book-open_fas":["book-open","fas",""],"book_fas":["book","fas","writing"],"bookmark_far":["bookmark","far","writing bookmark-o"],"bookmark_fas":["bookmark","fas","writing bookmark-o"],"bowling-ball_fas":["bowling-ball","fas","sports"],"box-open_fas":["box-open","fas","moving"],"box_fas":["box","fas","logistics"],"boxes_fas":["boxes","fas","logistics"],"braille_fas":["braille","fas","accessibility"],"briefcase-medical_fas":["briefcase-medical","fas","medical"],"briefcase_fas":["briefcase","fas","objects"],"broadcast-tower_fas":["broadcast-tower","fas",""],"broom_fas":["broom","fas",""],"brush_fas":["brush","fas",""],"btc_fab":["btc","fab","currency bitcoin"],"bug_fas":["bug","fas","objects"],"building_far":["building","far","objects building-o"],"building_fas":["building","fas","objects building-o"],"bullhorn_fas":["bullhorn","fas","payments-shopping"],"bullseye_fas":["bullseye","fas","objects"],"burn_fas":["burn","fas","medical"],"buromobelexperte_fab":["buromobelexperte","fab",""],"bus-alt_fas":["bus-alt","fas",""],"bus_fas":["bus","fas","vehicles"],"buysellads_fab":["buysellads","fab",""],"calculator_fas":["calculator","fas","objects"],"calendar-alt_far":["calendar-alt","far","status calendar"],"calendar-alt_fas":["calendar-alt","fas","status calendar"],"calendar-check_far":["calendar-check","far","status calendar-check-o"],"calendar-check_fas":["calendar-check","fas","status calendar-check-o"],"calendar-minus_far":["calendar-minus","far","status calendar-minus-o"],"calendar-minus_fas":["calendar-minus","fas","status calendar-minus-o"],"calendar-plus_far":["calendar-plus","far","status calendar-plus-o"],"calendar-plus_fas":["calendar-plus","fas","status calendar-plus-o"],"calendar-times_far":["calendar-times","far","status calendar-times-o"],"calendar-times_fas":["calendar-times","fas","status calendar-times-o"],"calendar_far":["calendar","far","status calendar-o"],"calendar_fas":["calendar","fas","status calendar-o"],"camera-retro_fas":["camera-retro","fas","payments-shopping"],"camera_fas":["camera","fas","payments-shopping"],"cannabis_fas":["cannabis","fas",""],"capsules_fas":["capsules","fas","medical"],"car_fas":["car","fas","vehicles automobile"],"caret-down_fas":["caret-down","fas","arrows"],"caret-left_fas":["caret-left","fas","arrows"],"caret-right_fas":["caret-right","fas","arrows"],"caret-square-down_far":["caret-square-down","far","arrows caret-square-o-down"],"caret-square-down_fas":["caret-square-down","fas","arrows caret-square-o-down"],"caret-square-left_far":["caret-square-left","far","arrows caret-square-o-left"],"caret-square-left_fas":["caret-square-left","fas","arrows caret-square-o-left"],"caret-square-right_far":["caret-square-right","far","arrows caret-square-o-right"],"caret-square-right_fas":["caret-square-right","fas","arrows caret-square-o-right"],"caret-square-up_far":["caret-square-up","far","arrows caret-square-o-up"],"caret-square-up_fas":["caret-square-up","fas","arrows caret-square-o-up"],"caret-up_fas":["caret-up","fas","arrows"],"cart-arrow-down_fas":["cart-arrow-down","fas","status"],"cart-plus_fas":["cart-plus","fas","status"],"cc-amazon-pay_fab":["cc-amazon-pay","fab","payments-shopping"],"cc-amex_fab":["cc-amex","fab","payments-shopping"],"cc-apple-pay_fab":["cc-apple-pay","fab","payments-shopping"],"cc-diners-club_fab":["cc-diners-club","fab","payments-shopping"],"cc-discover_fab":["cc-discover","fab","payments-shopping"],"cc-jcb_fab":["cc-jcb","fab","payments-shopping"],"cc-mastercard_fab":["cc-mastercard","fab","payments-shopping"],"cc-paypal_fab":["cc-paypal","fab","payments-shopping"],"cc-stripe_fab":["cc-stripe","fab","payments-shopping"],"cc-visa_fab":["cc-visa","fab","payments-shopping"],"centercode_fab":["centercode","fab",""],"certificate_fas":["certificate","fas","spinners"],"chalkboard-teacher_fas":["chalkboard-teacher","fas",""],"chalkboard_fas":["chalkboard","fas",""],"chart-area_fas":["chart-area","fas","business area-chart"],"chart-bar_far":["chart-bar","far","business bar-chart"],"chart-bar_fas":["chart-bar","fas","business bar-chart"],"chart-line_fas":["chart-line","fas","business line-chart"],"chart-pie_fas":["chart-pie","fas","business pie-chart"],"check-circle_far":["check-circle","far","interfaces check-circle-o"],"check-circle_fas":["check-circle","fas","interfaces check-circle-o"],"check-double_fas":["check-double","fas",""],"check-square_far":["check-square","far","interfaces check-square-o"],"check-square_fas":["check-square","fas","interfaces check-square-o"],"check_fas":["check","fas","interfaces"],"chess-bishop_fas":["chess-bishop","fas","chess"],"chess-board_fas":["chess-board","fas","chess"],"chess-king_fas":["chess-king","fas","chess"],"chess-knight_fas":["chess-knight","fas","chess"],"chess-pawn_fas":["chess-pawn","fas","chess"],"chess-queen_fas":["chess-queen","fas","chess"],"chess-rook_fas":["chess-rook","fas","chess"],"chess_fas":["chess","fas","chess"],"chevron-circle-down_fas":["chevron-circle-down","fas","arrows"],"chevron-circle-left_fas":["chevron-circle-left","fas","arrows"],"chevron-circle-right_fas":["chevron-circle-right","fas","arrows"],"chevron-circle-up_fas":["chevron-circle-up","fas","arrows"],"chevron-down_fas":["chevron-down","fas","arrows"],"chevron-left_fas":["chevron-left","fas","arrows"],"chevron-right_fas":["chevron-right","fas","arrows"],"chevron-up_fas":["chevron-up","fas","arrows"],"child_fas":["child","fas","users-people"],"chrome_fab":["chrome","fab",""],"church_fas":["church","fas",""],"circle-notch_fas":["circle-notch","fas","spinners circle-o-notch"],"circle_far":["circle","far","shapes circle-o"],"circle_fas":["circle","fas","shapes circle-o"],"clipboard-check_fas":["clipboard-check","fas","logistics"],"clipboard-list_fas":["clipboard-list","fas","logistics"],"clipboard_far":["clipboard","far","objects paste"],"clipboard_fas":["clipboard","fas","objects paste"],"clock_far":["clock","far","date-time clock-o"],"clock_fas":["clock","fas","date-time clock-o"],"clone_far":["clone","far","interfaces"],"clone_fas":["clone","fas","interfaces"],"closed-captioning_far":["closed-captioning","far","audio-video cc"],"closed-captioning_fas":["closed-captioning","fas","audio-video cc"],"cloud-download-alt_fas":["cloud-download-alt","fas","interfaces cloud-download"],"cloud-upload-alt_fas":["cloud-upload-alt","fas","interfaces cloud-upload"],"cloud_fas":["cloud","fas","shapes"],"cloudscale_fab":["cloudscale","fab",""],"cloudsmith_fab":["cloudsmith","fab",""],"cloudversify_fab":["cloudversify","fab",""],"cocktail_fas":["cocktail","fas",""],"code-branch_fas":["code-branch","fas","code code-fork"],"code_fas":["code","fas","code"],"codepen_fab":["codepen","fab",""],"codiepie_fab":["codiepie","fab",""],"coffee_fas":["coffee","fas","objects"],"cog_fas":["cog","fas","spinners gear"],"cogs_fas":["cogs","fas","objects gears"],"coins_fas":["coins","fas",""],"columns_fas":["columns","fas","editors"],"comment-alt_far":["comment-alt","far","communication commenting"],"comment-alt_fas":["comment-alt","fas","communication commenting"],"comment-dots_far":["comment-dots","far","chat"],"comment-dots_fas":["comment-dots","fas","chat"],"comment-slash_fas":["comment-slash","fas","chat"],"comment_far":["comment","far","shapes comment-o"],"comment_fas":["comment","fas","shapes comment-o"],"comments_far":["comments","far","communication comments-o"],"comments_fas":["comments","fas","communication comments-o"],"compact-disc_fas":["compact-disc","fas",""],"compass_far":["compass","far","spinners"],"compass_fas":["compass","fas","spinners"],"compress_fas":["compress","fas","images"],"concierge-bell_fas":["concierge-bell","fas",""],"connectdevelop_fab":["connectdevelop","fab",""],"contao_fab":["contao","fab",""],"cookie-bite_fas":["cookie-bite","fas",""],"cookie_fas":["cookie","fas",""],"copy_far":["copy","far","objects files-o"],"copy_fas":["copy","fas","objects files-o"],"copyright_far":["copyright","far","business"],"copyright_fas":["copyright","fas","business"],"couch_fas":["couch","fas","moving"],"cpanel_fab":["cpanel","fab",""],"creative-commons-by_fab":["creative-commons-by","fab",""],"creative-commons-nc-eu_fab":["creative-commons-nc-eu","fab",""],"creative-commons-nc-jp_fab":["creative-commons-nc-jp","fab",""],"creative-commons-nc_fab":["creative-commons-nc","fab",""],"creative-commons-nd_fab":["creative-commons-nd","fab",""],"creative-commons-pd-alt_fab":["creative-commons-pd-alt","fab",""],"creative-commons-pd_fab":["creative-commons-pd","fab",""],"creative-commons-remix_fab":["creative-commons-remix","fab",""],"creative-commons-sa_fab":["creative-commons-sa","fab",""],"creative-commons-sampling-plus_fab":["creative-commons-sampling-plus","fab",""],"creative-commons-sampling_fab":["creative-commons-sampling","fab",""],"creative-commons-share_fab":["creative-commons-share","fab",""],"creative-commons_fab":["creative-commons","fab",""],"credit-card_far":["credit-card","far","payments-shopping credit-card-alt"],"credit-card_fas":["credit-card","fas","payments-shopping credit-card-alt"],"crop-alt_fas":["crop-alt","fas",""],"crop_fas":["crop","fas","design"],"crosshairs_fas":["crosshairs","fas","spinners"],"crow_fas":["crow","fas",""],"crown_fas":["crown","fas",""],"css3-alt_fab":["css3-alt","fab",""],"css3_fab":["css3","fab",""],"cube_fas":["cube","fas","objects"],"cubes_fas":["cubes","fas","objects"],"cut_fas":["cut","fas","objects scissors"],"cuttlefish_fab":["cuttlefish","fab",""],"d-and-d_fab":["d-and-d","fab",""],"dashcube_fab":["dashcube","fab",""],"database_fas":["database","fas","interfaces"],"deaf_fas":["deaf","fas","accessibility deafness"],"delicious_fab":["delicious","fab",""],"deploydog_fab":["deploydog","fab",""],"deskpro_fab":["deskpro","fab",""],"desktop_fas":["desktop","fas","computers"],"deviantart_fab":["deviantart","fab",""],"diagnoses_fas":["diagnoses","fas","medical"],"dice-five_fas":["dice-five","fas",""],"dice-four_fas":["dice-four","fas",""],"dice-one_fas":["dice-one","fas",""],"dice-six_fas":["dice-six","fas",""],"dice-three_fas":["dice-three","fas",""],"dice-two_fas":["dice-two","fas",""],"dice_fas":["dice","fas",""],"digg_fab":["digg","fab",""],"digital-ocean_fab":["digital-ocean","fab",""],"digital-tachograph_fas":["digital-tachograph","fas",""],"discord_fab":["discord","fab",""],"discourse_fab":["discourse","fab",""],"divide_fas":["divide","fas",""],"dizzy_far":["dizzy","far",""],"dizzy_fas":["dizzy","fas",""],"dna_fas":["dna","fas","medical"],"dochub_fab":["dochub","fab",""],"docker_fab":["docker","fab",""],"dollar-sign_fas":["dollar-sign","fas","maps usd"],"dolly-flatbed_fas":["dolly-flatbed","fas","logistics"],"dolly_fas":["dolly","fas","moving"],"donate_fas":["donate","fas","charity"],"door-closed_fas":["door-closed","fas",""],"door-open_fas":["door-open","fas",""],"dot-circle_far":["dot-circle","far","interfaces dot-circle-o"],"dot-circle_fas":["dot-circle","fas","interfaces dot-circle-o"],"dove_fas":["dove","fas","charity"],"download_fas":["download","fas","interfaces"],"draft2digital_fab":["draft2digital","fab",""],"drafting-compass_fas":["drafting-compass","fas",""],"dribbble-square_fab":["dribbble-square","fab",""],"dribbble_fab":["dribbble","fab",""],"dropbox_fab":["dropbox","fab",""],"drum-steelpan_fas":["drum-steelpan","fas",""],"drum_fas":["drum","fas",""],"drupal_fab":["drupal","fab",""],"dumbbell_fas":["dumbbell","fas","sports"],"dyalog_fab":["dyalog","fab",""],"earlybirds_fab":["earlybirds","fab",""],"ebay_fab":["ebay","fab",""],"edge_fab":["edge","fab",""],"edit_far":["edit","far","writing pencil-square-o"],"edit_fas":["edit","fas","writing pencil-square-o"],"eject_fas":["eject","fas","audio-video"],"elementor_fab":["elementor","fab",""],"ellipsis-h_fas":["ellipsis-h","fas","interfaces"],"ellipsis-v_fas":["ellipsis-v","fas","interfaces"],"ember_fab":["ember","fab",""],"empire_fab":["empire","fab"," ge"],"envelope-open_far":["envelope-open","far","writing envelope-open-o"],"envelope-open_fas":["envelope-open","fas","writing envelope-open-o"],"envelope-square_fas":["envelope-square","fas","communication"],"envelope_far":["envelope","far","writing envelope-o"],"envelope_fas":["envelope","fas","writing envelope-o"],"envira_fab":["envira","fab",""],"equals_fas":["equals","fas",""],"eraser_fas":["eraser","fas","writing"],"erlang_fab":["erlang","fab",""],"ethereum_fab":["ethereum","fab","payments-shopping"],"etsy_fab":["etsy","fab",""],"euro-sign_fas":["euro-sign","fas","currency eur"],"exchange-alt_fas":["exchange-alt","fas","arrows exchange"],"exclamation-circle_fas":["exclamation-circle","fas","status"],"exclamation-triangle_fas":["exclamation-triangle","fas","status warning"],"exclamation_fas":["exclamation","fas","status"],"expand-arrows-alt_fas":["expand-arrows-alt","fas","audio-video arrows-alt"],"expand_fas":["expand","fas","images"],"expeditedssl_fab":["expeditedssl","fab",""],"external-link-alt_fas":["external-link-alt","fas","interfaces external-link"],"external-link-square-alt_fas":["external-link-square-alt","fas","interfaces external-link-square"],"eye-dropper_fas":["eye-dropper","fas","objects eyedropper"],"eye-slash_far":["eye-slash","far","status"],"eye-slash_fas":["eye-slash","fas","status"],"eye_far":["eye","far","status"],"eye_fas":["eye","fas","status"],"facebook-f_fab":["facebook-f","fab"," facebook"],"facebook-messenger_fab":["facebook-messenger","fab",""],"facebook-square_fab":["facebook-square","fab",""],"facebook_fab":["facebook","fab"," facebook-official"],"fast-backward_fas":["fast-backward","fas","audio-video"],"fast-forward_fas":["fast-forward","fas","audio-video"],"fax_fas":["fax","fas","objects"],"feather-alt_fas":["feather-alt","fas",""],"feather_fas":["feather","fas",""],"female_fas":["female","fas","users-people"],"fighter-jet_fas":["fighter-jet","fas","vehicles"],"file-alt_far":["file-alt","far","writing file-text-o"],"file-alt_fas":["file-alt","fas","writing file-text-o"],"file-archive_far":["file-archive","far","files file-archive-o"],"file-archive_fas":["file-archive","fas","files file-archive-o"],"file-audio_far":["file-audio","far","files file-audio-o"],"file-audio_fas":["file-audio","fas","files file-audio-o"],"file-code_far":["file-code","far","files file-code-o"],"file-code_fas":["file-code","fas","files file-code-o"],"file-contract_fas":["file-contract","fas",""],"file-download_fas":["file-download","fas",""],"file-excel_far":["file-excel","far","files file-excel-o"],"file-excel_fas":["file-excel","fas","files file-excel-o"],"file-export_fas":["file-export","fas",""],"file-image_far":["file-image","far","images file-image-o"],"file-image_fas":["file-image","fas","images file-image-o"],"file-import_fas":["file-import","fas",""],"file-invoice-dollar_fas":["file-invoice-dollar","fas",""],"file-invoice_fas":["file-invoice","fas",""],"file-medical-alt_fas":["file-medical-alt","fas","medical"],"file-medical_fas":["file-medical","fas","medical"],"file-pdf_far":["file-pdf","far","files file-pdf-o"],"file-pdf_fas":["file-pdf","fas","files file-pdf-o"],"file-powerpoint_far":["file-powerpoint","far","files file-powerpoint-o"],"file-powerpoint_fas":["file-powerpoint","fas","files file-powerpoint-o"],"file-prescription_fas":["file-prescription","fas",""],"file-signature_fas":["file-signature","fas",""],"file-upload_fas":["file-upload","fas",""],"file-video_far":["file-video","far","files file-video-o"],"file-video_fas":["file-video","fas","files file-video-o"],"file-word_far":["file-word","far","files file-word-o"],"file-word_fas":["file-word","fas","files file-word-o"],"file_far":["file","far","writing file-o"],"file_fas":["file","fas","writing file-o"],"fill-drip_fas":["fill-drip","fas",""],"fill_fas":["fill","fas",""],"film_fas":["film","fas","objects"],"filter_fas":["filter","fas","interfaces"],"fingerprint_fas":["fingerprint","fas",""],"fire-extinguisher_fas":["fire-extinguisher","fas","objects"],"fire_fas":["fire","fas","objects"],"firefox_fab":["firefox","fab",""],"first-aid_fas":["first-aid","fas","medical"],"first-order-alt_fab":["first-order-alt","fab",""],"first-order_fab":["first-order","fab",""],"firstdraft_fab":["firstdraft","fab",""],"fish_fas":["fish","fas",""],"flag-checkered_fas":["flag-checkered","fas","objects"],"flag_far":["flag","far","objects flag-o"],"flag_fas":["flag","fas","objects flag-o"],"flask_fas":["flask","fas","objects"],"flickr_fab":["flickr","fab",""],"flipboard_fab":["flipboard","fab",""],"flushed_far":["flushed","far",""],"flushed_fas":["flushed","fas",""],"fly_fab":["fly","fab",""],"folder-open_far":["folder-open","far","writing folder-open-o"],"folder-open_fas":["folder-open","fas","writing folder-open-o"],"folder_far":["folder","far","writing folder-o"],"folder_fas":["folder","fas","writing folder-o"],"font-awesome-alt_fab":["font-awesome-alt","fab",""],"font-awesome-flag_fab":["font-awesome-flag","fab",""],"font-awesome-logo-full_fab":["font-awesome-logo-full","fab",""],"font-awesome-logo-full_far":["font-awesome-logo-full","far",""],"font-awesome-logo-full_fas":["font-awesome-logo-full","fas",""],"font-awesome_fab":["font-awesome","fab"," meanpath"],"font_fas":["font","fas","editors"],"fonticons-fi_fab":["fonticons-fi","fab",""],"fonticons_fab":["fonticons","fab",""],"football-ball_fas":["football-ball","fas","sports"],"fort-awesome-alt_fab":["fort-awesome-alt","fab",""],"fort-awesome_fab":["fort-awesome","fab",""],"forumbee_fab":["forumbee","fab",""],"forward_fas":["forward","fas","audio-video"],"foursquare_fab":["foursquare","fab",""],"free-code-camp_fab":["free-code-camp","fab",""],"freebsd_fab":["freebsd","fab",""],"frog_fas":["frog","fas",""],"frown-open_far":["frown-open","far",""],"frown-open_fas":["frown-open","fas",""],"frown_far":["frown","far","users-people frown-o"],"frown_fas":["frown","fas","users-people frown-o"],"fulcrum_fab":["fulcrum","fab",""],"futbol_far":["futbol","far","sports futbol-o"],"futbol_fas":["futbol","fas","sports futbol-o"],"galactic-republic_fab":["galactic-republic","fab",""],"galactic-senate_fab":["galactic-senate","fab",""],"gamepad_fas":["gamepad","fas","objects"],"gas-pump_fas":["gas-pump","fas",""],"gavel_fas":["gavel","fas","objects legal"],"gem_far":["gem","far","payments-shopping diamond"],"gem_fas":["gem","fas","payments-shopping diamond"],"genderless_fas":["genderless","fas","gender"],"get-pocket_fab":["get-pocket","fab",""],"gg-circle_fab":["gg-circle","fab","currency"],"gg_fab":["gg","fab","currency"],"gift_fas":["gift","fas","payments-shopping"],"git-square_fab":["git-square","fab",""],"git_fab":["git","fab",""],"github-alt_fab":["github-alt","fab",""],"github-square_fab":["github-square","fab",""],"github_fab":["github","fab",""],"gitkraken_fab":["gitkraken","fab",""],"gitlab_fab":["gitlab","fab",""],"gitter_fab":["gitter","fab",""],"glass-martini-alt_fas":["glass-martini-alt","fas",""],"glass-martini_fas":["glass-martini","fas","objects glass"],"glasses_fas":["glasses","fas",""],"glide-g_fab":["glide-g","fab",""],"glide_fab":["glide","fab",""],"globe-africa_fas":["globe-africa","fas",""],"globe-americas_fas":["globe-americas","fas",""],"globe-asia_fas":["globe-asia","fas",""],"globe_fas":["globe","fas","objects"],"gofore_fab":["gofore","fab",""],"golf-ball_fas":["golf-ball","fas","sports"],"goodreads-g_fab":["goodreads-g","fab",""],"goodreads_fab":["goodreads","fab",""],"google-drive_fab":["google-drive","fab",""],"google-play_fab":["google-play","fab",""],"google-plus-g_fab":["google-plus-g","fab"," google-plus"],"google-plus-square_fab":["google-plus-square","fab",""],"google-plus_fab":["google-plus","fab"," google-plus-official"],"google-wallet_fab":["google-wallet","fab","payments-shopping"],"google_fab":["google","fab",""],"graduation-cap_fas":["graduation-cap","fas","objects mortar-board"],"gratipay_fab":["gratipay","fab"," gittip"],"grav_fab":["grav","fab",""],"greater-than-equal_fas":["greater-than-equal","fas",""],"greater-than_fas":["greater-than","fas",""],"grimace_far":["grimace","far",""],"grimace_fas":["grimace","fas",""],"grin-alt_far":["grin-alt","far",""],"grin-alt_fas":["grin-alt","fas",""],"grin-beam-sweat_far":["grin-beam-sweat","far",""],"grin-beam-sweat_fas":["grin-beam-sweat","fas",""],"grin-beam_far":["grin-beam","far",""],"grin-beam_fas":["grin-beam","fas",""],"grin-hearts_far":["grin-hearts","far",""],"grin-hearts_fas":["grin-hearts","fas",""],"grin-squint-tears_far":["grin-squint-tears","far",""],"grin-squint-tears_fas":["grin-squint-tears","fas",""],"grin-squint_far":["grin-squint","far",""],"grin-squint_fas":["grin-squint","fas",""],"grin-stars_far":["grin-stars","far",""],"grin-stars_fas":["grin-stars","fas",""],"grin-tears_far":["grin-tears","far",""],"grin-tears_fas":["grin-tears","fas",""],"grin-tongue-squint_far":["grin-tongue-squint","far",""],"grin-tongue-squint_fas":["grin-tongue-squint","fas",""],"grin-tongue-wink_far":["grin-tongue-wink","far",""],"grin-tongue-wink_fas":["grin-tongue-wink","fas",""],"grin-tongue_far":["grin-tongue","far",""],"grin-tongue_fas":["grin-tongue","fas",""],"grin-wink_far":["grin-wink","far",""],"grin-wink_fas":["grin-wink","fas",""],"grin_far":["grin","far",""],"grin_fas":["grin","fas",""],"grip-horizontal_fas":["grip-horizontal","fas",""],"grip-vertical_fas":["grip-vertical","fas",""],"gripfire_fab":["gripfire","fab",""],"grunt_fab":["grunt","fab",""],"gulp_fab":["gulp","fab",""],"h-square_fas":["h-square","fas","maps"],"hacker-news-square_fab":["hacker-news-square","fab",""],"hacker-news_fab":["hacker-news","fab"," y-combinator-square"],"hand-holding-heart_fas":["hand-holding-heart","fas","charity"],"hand-holding-usd_fas":["hand-holding-usd","fas","charity"],"hand-holding_fas":["hand-holding","fas","hands"],"hand-lizard_far":["hand-lizard","far","hands hand-lizard-o"],"hand-lizard_fas":["hand-lizard","fas","hands hand-lizard-o"],"hand-paper_far":["hand-paper","far","hands hand-paper-o"],"hand-paper_fas":["hand-paper","fas","hands hand-paper-o"],"hand-peace_far":["hand-peace","far","hands hand-peace-o"],"hand-peace_fas":["hand-peace","fas","hands hand-peace-o"],"hand-point-down_far":["hand-point-down","far","hands hand-o-down"],"hand-point-down_fas":["hand-point-down","fas","hands hand-o-down"],"hand-point-left_far":["hand-point-left","far","hands hand-o-left"],"hand-point-left_fas":["hand-point-left","fas","hands hand-o-left"],"hand-point-right_far":["hand-point-right","far","hands hand-o-right"],"hand-point-right_fas":["hand-point-right","fas","hands hand-o-right"],"hand-point-up_far":["hand-point-up","far","hands hand-o-up"],"hand-point-up_fas":["hand-point-up","fas","hands hand-o-up"],"hand-pointer_far":["hand-pointer","far","hands hand-pointer-o"],"hand-pointer_fas":["hand-pointer","fas","hands hand-pointer-o"],"hand-rock_far":["hand-rock","far","hands hand-rock-o"],"hand-rock_fas":["hand-rock","fas","hands hand-rock-o"],"hand-scissors_far":["hand-scissors","far","hands hand-scissors-o"],"hand-scissors_fas":["hand-scissors","fas","hands hand-scissors-o"],"hand-spock_far":["hand-spock","far","hands hand-spock-o"],"hand-spock_fas":["hand-spock","fas","hands hand-spock-o"],"hands-helping_fas":["hands-helping","fas","charity"],"hands_fas":["hands","fas","hands"],"handshake_far":["handshake","far","payments-shopping handshake-o"],"handshake_fas":["handshake","fas","payments-shopping handshake-o"],"hashtag_fas":["hashtag","fas","interfaces"],"hdd_far":["hdd","far","objects hdd-o"],"hdd_fas":["hdd","fas","objects hdd-o"],"heading_fas":["heading","fas","editors header"],"headphones-alt_fas":["headphones-alt","fas",""],"headphones_fas":["headphones","fas","objects"],"headset_fas":["headset","fas",""],"heart_far":["heart","far","shapes heart-o"],"heart_fas":["heart","fas","shapes heart-o"],"heartbeat_fas":["heartbeat","fas","medical"],"helicopter_fas":["helicopter","fas",""],"highlighter_fas":["highlighter","fas",""],"hips_fab":["hips","fab",""],"hire-a-helper_fab":["hire-a-helper","fab",""],"history_fas":["history","fas","interfaces"],"hockey-puck_fas":["hockey-puck","fas","sports"],"home_fas":["home","fas","objects"],"hooli_fab":["hooli","fab",""],"hornbill_fab":["hornbill","fab",""],"hospital-alt_fas":["hospital-alt","fas","medical"],"hospital-symbol_fas":["hospital-symbol","fas","medical"],"hospital_far":["hospital","far","objects hospital-o"],"hospital_fas":["hospital","fas","objects hospital-o"],"hot-tub_fas":["hot-tub","fas",""],"hotel_fas":["hotel","fas",""],"hotjar_fab":["hotjar","fab",""],"hourglass-end_fas":["hourglass-end","fas","date-time hourglass-3"],"hourglass-half_fas":["hourglass-half","fas","date-time hourglass-2"],"hourglass-start_fas":["hourglass-start","fas","date-time hourglass-1"],"hourglass_far":["hourglass","far","objects hourglass-o"],"hourglass_fas":["hourglass","fas","objects hourglass-o"],"houzz_fab":["houzz","fab",""],"html5_fab":["html5","fab",""],"hubspot_fab":["hubspot","fab",""],"i-cursor_fas":["i-cursor","fas","interfaces"],"id-badge_far":["id-badge","far","users-people"],"id-badge_fas":["id-badge","fas","users-people"],"id-card-alt_fas":["id-card-alt","fas","medical"],"id-card_far":["id-card","far","users-people drivers-license"],"id-card_fas":["id-card","fas","users-people drivers-license"],"image_far":["image","far","objects picture-o"],"image_fas":["image","fas","objects picture-o"],"images_far":["images","far","objects"],"images_fas":["images","fas","objects"],"imdb_fab":["imdb","fab",""],"inbox_fas":["inbox","fas","communication"],"indent_fas":["indent","fas","editors"],"industry_fas":["industry","fas","objects"],"infinity_fas":["infinity","fas",""],"info-circle_fas":["info-circle","fas","status"],"info_fas":["info","fas","status"],"instagram_fab":["instagram","fab",""],"internet-explorer_fab":["internet-explorer","fab",""],"ioxhost_fab":["ioxhost","fab",""],"italic_fas":["italic","fas","editors"],"itunes-note_fab":["itunes-note","fab",""],"itunes_fab":["itunes","fab",""],"java_fab":["java","fab",""],"jedi-order_fab":["jedi-order","fab",""],"jenkins_fab":["jenkins","fab",""],"joget_fab":["joget","fab",""],"joint_fas":["joint","fas",""],"joomla_fab":["joomla","fab",""],"js-square_fab":["js-square","fab",""],"js_fab":["js","fab",""],"jsfiddle_fab":["jsfiddle","fab",""],"key_fas":["key","fas","payments-shopping"],"keybase_fab":["keybase","fab",""],"keyboard_far":["keyboard","far","writing keyboard-o"],"keyboard_fas":["keyboard","fas","writing keyboard-o"],"keycdn_fab":["keycdn","fab",""],"kickstarter-k_fab":["kickstarter-k","fab",""],"kickstarter_fab":["kickstarter","fab",""],"kiss-beam_far":["kiss-beam","far",""],"kiss-beam_fas":["kiss-beam","fas",""],"kiss-wink-heart_far":["kiss-wink-heart","far",""],"kiss-wink-heart_fas":["kiss-wink-heart","fas",""],"kiss_far":["kiss","far",""],"kiss_fas":["kiss","fas",""],"kiwi-bird_fas":["kiwi-bird","fas",""],"korvue_fab":["korvue","fab",""],"language_fas":["language","fas","interfaces"],"laptop_fas":["laptop","fas","objects"],"laravel_fab":["laravel","fab",""],"lastfm-square_fab":["lastfm-square","fab",""],"lastfm_fab":["lastfm","fab",""],"laugh-beam_far":["laugh-beam","far",""],"laugh-beam_fas":["laugh-beam","fas",""],"laugh-squint_far":["laugh-squint","far",""],"laugh-squint_fas":["laugh-squint","fas",""],"laugh-wink_far":["laugh-wink","far",""],"laugh-wink_fas":["laugh-wink","fas",""],"laugh_far":["laugh","far",""],"laugh_fas":["laugh","fas",""],"leaf_fas":["leaf","fas","objects"],"leanpub_fab":["leanpub","fab",""],"lemon_far":["lemon","far","objects lemon-o"],"lemon_fas":["lemon","fas","objects lemon-o"],"less-than-equal_fas":["less-than-equal","fas",""],"less-than_fas":["less-than","fas",""],"less_fab":["less","fab",""],"level-down-alt_fas":["level-down-alt","fas","arrows level-down"],"level-up-alt_fas":["level-up-alt","fas","arrows level-up"],"life-ring_far":["life-ring","far","spinners life-bouy"],"life-ring_fas":["life-ring","fas","spinners life-bouy"],"lightbulb_far":["lightbulb","far","objects lightbulb-o"],"lightbulb_fas":["lightbulb","fas","objects lightbulb-o"],"line_fab":["line","fab",""],"link_fas":["link","fas","editors chain"],"linkedin-in_fab":["linkedin-in","fab"," linkedin"],"linkedin_fab":["linkedin","fab"," linkedin-square"],"linode_fab":["linode","fab",""],"linux_fab":["linux","fab",""],"lira-sign_fas":["lira-sign","fas","currency try"],"list-alt_far":["list-alt","far","editors"],"list-alt_fas":["list-alt","fas","editors"],"list-ol_fas":["list-ol","fas","editors"],"list-ul_fas":["list-ul","fas","editors"],"list_fas":["list","fas","editors"],"location-arrow_fas":["location-arrow","fas","maps"],"lock-open_fas":["lock-open","fas","status"],"lock_fas":["lock","fas","status"],"long-arrow-alt-down_fas":["long-arrow-alt-down","fas","arrows long-arrow-down"],"long-arrow-alt-left_fas":["long-arrow-alt-left","fas","arrows long-arrow-left"],"long-arrow-alt-right_fas":["long-arrow-alt-right","fas","arrows long-arrow-right"],"long-arrow-alt-up_fas":["long-arrow-alt-up","fas","arrows long-arrow-up"],"low-vision_fas":["low-vision","fas","maps"],"luggage-cart_fas":["luggage-cart","fas",""],"lyft_fab":["lyft","fab",""],"magento_fab":["magento","fab",""],"magic_fas":["magic","fas","objects"],"magnet_fas":["magnet","fas","objects"],"mailchimp_fab":["mailchimp","fab",""],"male_fas":["male","fas","users-people"],"mandalorian_fab":["mandalorian","fab",""],"map-marked-alt_fas":["map-marked-alt","fas",""],"map-marked_fas":["map-marked","fas",""],"map-marker-alt_fas":["map-marker-alt","fas","objects map-marker"],"map-marker_fas":["map-marker","fas","shapes"],"map-pin_fas":["map-pin","fas","objects"],"map-signs_fas":["map-signs","fas","objects"],"map_far":["map","far","objects map-o"],"map_fas":["map","fas","objects map-o"],"marker_fas":["marker","fas",""],"mars-double_fas":["mars-double","fas","gender"],"mars-stroke-h_fas":["mars-stroke-h","fas","gender"],"mars-stroke-v_fas":["mars-stroke-v","fas","gender"],"mars-stroke_fas":["mars-stroke","fas","gender"],"mars_fas":["mars","fas","gender"],"mastodon_fab":["mastodon","fab",""],"maxcdn_fab":["maxcdn","fab",""],"medal_fas":["medal","fas",""],"medapps_fab":["medapps","fab",""],"medium-m_fab":["medium-m","fab",""],"medium_fab":["medium","fab",""],"medkit_fas":["medkit","fas","objects"],"medrt_fab":["medrt","fab",""],"meetup_fab":["meetup","fab",""],"megaport_fab":["megaport","fab",""],"meh-blank_far":["meh-blank","far",""],"meh-blank_fas":["meh-blank","fas",""],"meh-rolling-eyes_far":["meh-rolling-eyes","far",""],"meh-rolling-eyes_fas":["meh-rolling-eyes","fas",""],"meh_far":["meh","far","users-people meh-o"],"meh_fas":["meh","fas","users-people meh-o"],"memory_fas":["memory","fas",""],"mercury_fas":["mercury","fas","gender"],"microchip_fas":["microchip","fas","objects"],"microphone-alt-slash_fas":["microphone-alt-slash","fas",""],"microphone-alt_fas":["microphone-alt","fas","objects"],"microphone-slash_fas":["microphone-slash","fas","interfaces"],"microphone_fas":["microphone","fas","objects"],"microsoft_fab":["microsoft","fab",""],"minus-circle_fas":["minus-circle","fas","status"],"minus-square_far":["minus-square","far","status minus-square-o"],"minus-square_fas":["minus-square","fas","status minus-square-o"],"minus_fas":["minus","fas","status"],"mix_fab":["mix","fab",""],"mixcloud_fab":["mixcloud","fab",""],"mizuni_fab":["mizuni","fab",""],"mobile-alt_fas":["mobile-alt","fas","objects mobile"],"mobile_fas":["mobile","fas","objects"],"modx_fab":["modx","fab",""],"monero_fab":["monero","fab",""],"money-bill-alt_far":["money-bill-alt","far","objects money"],"money-bill-alt_fas":["money-bill-alt","fas","objects money"],"money-bill-wave-alt_fas":["money-bill-wave-alt","fas",""],"money-bill-wave_fas":["money-bill-wave","fas",""],"money-bill_fas":["money-bill","fas","objects"],"money-check-alt_fas":["money-check-alt","fas",""],"money-check_fas":["money-check","fas",""],"monument_fas":["monument","fas",""],"moon_far":["moon","far","objects moon-o"],"moon_fas":["moon","fas","objects moon-o"],"mortar-pestle_fas":["mortar-pestle","fas",""],"motorcycle_fas":["motorcycle","fas","vehicles"],"mouse-pointer_fas":["mouse-pointer","fas","arrows"],"music_fas":["music","fas","maps"],"napster_fab":["napster","fab",""],"neuter_fas":["neuter","fas","gender"],"newspaper_far":["newspaper","far","writing newspaper-o"],"newspaper_fas":["newspaper","fas","writing newspaper-o"],"nimblr_fab":["nimblr","fab",""],"nintendo-switch_fab":["nintendo-switch","fab",""],"node-js_fab":["node-js","fab",""],"node_fab":["node","fab",""],"not-equal_fas":["not-equal","fas",""],"notes-medical_fas":["notes-medical","fas","medical"],"npm_fab":["npm","fab",""],"ns8_fab":["ns8","fab",""],"nutritionix_fab":["nutritionix","fab",""],"object-group_far":["object-group","far","design"],"object-group_fas":["object-group","fas","design"],"object-ungroup_far":["object-ungroup","far","design"],"object-ungroup_fas":["object-ungroup","fas","design"],"odnoklassniki-square_fab":["odnoklassniki-square","fab",""],"odnoklassniki_fab":["odnoklassniki","fab",""],"old-republic_fab":["old-republic","fab",""],"opencart_fab":["opencart","fab",""],"openid_fab":["openid","fab",""],"opera_fab":["opera","fab",""],"optin-monster_fab":["optin-monster","fab",""],"osi_fab":["osi","fab",""],"outdent_fas":["outdent","fas","editors dedent"],"page4_fab":["page4","fab",""],"pagelines_fab":["pagelines","fab",""],"paint-brush_fas":["paint-brush","fas","objects"],"paint-roller_fas":["paint-roller","fas",""],"palette_fas":["palette","fas",""],"palfed_fab":["palfed","fab",""],"pallet_fas":["pallet","fas","logistics"],"paper-plane_far":["paper-plane","far","writing send"],"paper-plane_fas":["paper-plane","fas","writing send"],"paperclip_fas":["paperclip","fas","writing"],"parachute-box_fas":["parachute-box","fas","charity"],"paragraph_fas":["paragraph","fas","writing"],"parking_fas":["parking","fas",""],"passport_fas":["passport","fas",""],"paste_fas":["paste","fas","objects"],"patreon_fab":["patreon","fab",""],"pause-circle_far":["pause-circle","far","audio-video pause-circle-o"],"pause-circle_fas":["pause-circle","fas","audio-video pause-circle-o"],"pause_fas":["pause","fas","audio-video"],"paw_fas":["paw","fas","objects"],"paypal_fab":["paypal","fab","payments-shopping"],"pen-alt_fas":["pen-alt","fas","writing"],"pen-fancy_fas":["pen-fancy","fas",""],"pen-nib_fas":["pen-nib","fas",""],"pen-square_fas":["pen-square","fas","writing pencil-square"],"pen_fas":["pen","fas","writing"],"pencil-alt_fas":["pencil-alt","fas","writing pencil"],"pencil-ruler_fas":["pencil-ruler","fas",""],"people-carry_fas":["people-carry","fas","moving"],"percent_fas":["percent","fas","business"],"percentage_fas":["percentage","fas",""],"periscope_fab":["periscope","fab",""],"phabricator_fab":["phabricator","fab",""],"phoenix-framework_fab":["phoenix-framework","fab",""],"phoenix-squadron_fab":["phoenix-squadron","fab",""],"phone-slash_fas":["phone-slash","fas","communication"],"phone-square_fas":["phone-square","fas","maps"],"phone-volume_fas":["phone-volume","fas","maps volume-control-phone"],"phone_fas":["phone","fas","objects"],"php_fab":["php","fab",""],"pied-piper-alt_fab":["pied-piper-alt","fab",""],"pied-piper-hat_fab":["pied-piper-hat","fab",""],"pied-piper-pp_fab":["pied-piper-pp","fab",""],"pied-piper_fab":["pied-piper","fab",""],"piggy-bank_fas":["piggy-bank","fas","charity"],"pills_fas":["pills","fas","medical"],"pinterest-p_fab":["pinterest-p","fab",""],"pinterest-square_fab":["pinterest-square","fab",""],"pinterest_fab":["pinterest","fab",""],"plane-arrival_fas":["plane-arrival","fas",""],"plane-departure_fas":["plane-departure","fas",""],"plane_fas":["plane","fas","vehicles"],"play-circle_far":["play-circle","far","audio-video play-circle-o"],"play-circle_fas":["play-circle","fas","audio-video play-circle-o"],"play_fas":["play","fas","shapes"],"playstation_fab":["playstation","fab",""],"plug_fas":["plug","fas","objects"],"plus-circle_fas":["plus-circle","fas","status"],"plus-square_far":["plus-square","far","status plus-square-o"],"plus-square_fas":["plus-square","fas","status plus-square-o"],"plus_fas":["plus","fas","status"],"podcast_fas":["podcast","fas","audio-video"],"poo_fas":["poo","fas","users-people"],"portrait_fas":["portrait","fas","users-people"],"pound-sign_fas":["pound-sign","fas","currency gbp"],"power-off_fas":["power-off","fas","users-people"],"prescription-bottle-alt_fas":["prescription-bottle-alt","fas","medical"],"prescription-bottle_fas":["prescription-bottle","fas","medical"],"prescription_fas":["prescription","fas",""],"print_fas":["print","fas","objects"],"procedures_fas":["procedures","fas","medical"],"product-hunt_fab":["product-hunt","fab",""],"project-diagram_fas":["project-diagram","fas",""],"pushed_fab":["pushed","fab",""],"puzzle-piece_fas":["puzzle-piece","fas","objects"],"python_fab":["python","fab",""],"qq_fab":["qq","fab",""],"qrcode_fas":["qrcode","fas","interfaces"],"question-circle_far":["question-circle","far","status question-circle-o"],"question-circle_fas":["question-circle","fas","status question-circle-o"],"question_fas":["question","fas","status"],"quidditch_fas":["quidditch","fas","sports"],"quinscape_fab":["quinscape","fab",""],"quora_fab":["quora","fab",""],"quote-left_fas":["quote-left","fas","writing"],"quote-right_fas":["quote-right","fas","writing"],"r-project_fab":["r-project","fab",""],"random_fas":["random","fas","audio-video"],"ravelry_fab":["ravelry","fab",""],"react_fab":["react","fab",""],"readme_fab":["readme","fab",""],"rebel_fab":["rebel","fab"," ra"],"receipt_fas":["receipt","fas",""],"recycle_fas":["recycle","fas","maps"],"red-river_fab":["red-river","fab",""],"reddit-alien_fab":["reddit-alien","fab",""],"reddit-square_fab":["reddit-square","fab",""],"reddit_fab":["reddit","fab",""],"redo-alt_fas":["redo-alt","fas","interfaces"],"redo_fas":["redo","fas","interfaces repeat"],"registered_far":["registered","far","business"],"registered_fas":["registered","fas","business"],"rendact_fab":["rendact","fab",""],"renren_fab":["renren","fab",""],"reply-all_fas":["reply-all","fas","interfaces mail-reply-all"],"reply_fas":["reply","fas","interfaces mail-reply"],"replyd_fab":["replyd","fab",""],"researchgate_fab":["researchgate","fab",""],"resolving_fab":["resolving","fab",""],"retweet_fas":["retweet","fas","arrows"],"ribbon_fas":["ribbon","fas","charity"],"road_fas":["road","fas","objects"],"robot_fas":["robot","fas",""],"rocket_fas":["rocket","fas","vehicles"],"rocketchat_fab":["rocketchat","fab",""],"rockrms_fab":["rockrms","fab",""],"rss-square_fas":["rss-square","fas","interfaces"],"rss_fas":["rss","fas","interfaces feed"],"ruble-sign_fas":["ruble-sign","fas","currency rub"],"ruler-combined_fas":["ruler-combined","fas",""],"ruler-horizontal_fas":["ruler-horizontal","fas",""],"ruler-vertical_fas":["ruler-vertical","fas",""],"ruler_fas":["ruler","fas",""],"rupee-sign_fas":["rupee-sign","fas","currency inr"],"sad-cry_far":["sad-cry","far",""],"sad-cry_fas":["sad-cry","fas",""],"sad-tear_far":["sad-tear","far",""],"sad-tear_fas":["sad-tear","fas",""],"safari_fab":["safari","fab",""],"sass_fab":["sass","fab",""],"save_far":["save","far","objects floppy-o"],"save_fas":["save","fas","objects floppy-o"],"schlix_fab":["schlix","fab",""],"school_fas":["school","fas",""],"screwdriver_fas":["screwdriver","fas",""],"scribd_fab":["scribd","fab",""],"search-minus_fas":["search-minus","fas","maps"],"search-plus_fas":["search-plus","fas","maps"],"search_fas":["search","fas","objects"],"searchengin_fab":["searchengin","fab",""],"seedling_fas":["seedling","fas","charity"],"sellcast_fab":["sellcast","fab"," eercast"],"sellsy_fab":["sellsy","fab",""],"server_fas":["server","fas","computers"],"servicestack_fab":["servicestack","fab",""],"share-alt-square_fas":["share-alt-square","fas","interfaces"],"share-alt_fas":["share-alt","fas","interfaces"],"share-square_far":["share-square","far","interfaces share-square-o"],"share-square_fas":["share-square","fas","interfaces share-square-o"],"share_fas":["share","fas","interfaces mail-forward"],"shekel-sign_fas":["shekel-sign","fas","currency ils"],"shield-alt_fas":["shield-alt","fas","status shield"],"ship_fas":["ship","fas","vehicles"],"shipping-fast_fas":["shipping-fast","fas","logistics"],"shirtsinbulk_fab":["shirtsinbulk","fab",""],"shoe-prints_fas":["shoe-prints","fas",""],"shopping-bag_fas":["shopping-bag","fas","payments-shopping"],"shopping-basket_fas":["shopping-basket","fas","payments-shopping"],"shopping-cart_fas":["shopping-cart","fas","vehicles"],"shopware_fab":["shopware","fab",""],"shower_fas":["shower","fas","objects"],"shuttle-van_fas":["shuttle-van","fas",""],"sign-in-alt_fas":["sign-in-alt","fas","status sign-in"],"sign-language_fas":["sign-language","fas","accessibility signing"],"sign-out-alt_fas":["sign-out-alt","fas","status sign-out"],"sign_fas":["sign","fas","moving"],"signal_fas":["signal","fas","interfaces"],"signature_fas":["signature","fas",""],"simplybuilt_fab":["simplybuilt","fab",""],"sistrix_fab":["sistrix","fab",""],"sitemap_fas":["sitemap","fas","interfaces"],"sith_fab":["sith","fab",""],"skull_fas":["skull","fas",""],"skyatlas_fab":["skyatlas","fab",""],"skype_fab":["skype","fab",""],"slack-hash_fab":["slack-hash","fab",""],"slack_fab":["slack","fab",""],"sliders-h_fas":["sliders-h","fas","interfaces sliders"],"slideshare_fab":["slideshare","fab",""],"smile-beam_far":["smile-beam","far",""],"smile-beam_fas":["smile-beam","fas",""],"smile-wink_far":["smile-wink","far",""],"smile-wink_fas":["smile-wink","fas",""],"smile_far":["smile","far","users-people smile-o"],"smile_fas":["smile","fas","users-people smile-o"],"smoking-ban_fas":["smoking-ban","fas",""],"smoking_fas":["smoking","fas","medical"],"snapchat-ghost_fab":["snapchat-ghost","fab",""],"snapchat-square_fab":["snapchat-square","fab",""],"snapchat_fab":["snapchat","fab",""],"snowflake_far":["snowflake","far","spinners snowflake-o"],"snowflake_fas":["snowflake","fas","spinners snowflake-o"],"solar-panel_fas":["solar-panel","fas",""],"sort-alpha-down_fas":["sort-alpha-down","fas","interfaces sort-alpha-asc"],"sort-alpha-up_fas":["sort-alpha-up","fas","interfaces sort-alpha-desc"],"sort-amount-down_fas":["sort-amount-down","fas","interfaces sort-amount-asc"],"sort-amount-up_fas":["sort-amount-up","fas","interfaces sort-amount-desc"],"sort-down_fas":["sort-down","fas","interfaces sort-desc"],"sort-numeric-down_fas":["sort-numeric-down","fas","interfaces sort-numeric-asc"],"sort-numeric-up_fas":["sort-numeric-up","fas","interfaces sort-numeric-desc"],"sort-up_fas":["sort-up","fas","interfaces sort-asc"],"sort_fas":["sort","fas","interfaces unsorted"],"soundcloud_fab":["soundcloud","fab",""],"spa_fas":["spa","fas",""],"space-shuttle_fas":["space-shuttle","fas","vehicles"],"speakap_fab":["speakap","fab",""],"spinner_fas":["spinner","fas","spinners"],"splotch_fas":["splotch","fas",""],"spotify_fab":["spotify","fab",""],"spray-can_fas":["spray-can","fas",""],"square-full_fas":["square-full","fas","chess"],"square_far":["square","far","shapes square-o"],"square_fas":["square","fas","shapes square-o"],"squarespace_fab":["squarespace","fab",""],"stack-exchange_fab":["stack-exchange","fab",""],"stack-overflow_fab":["stack-overflow","fab",""],"stamp_fas":["stamp","fas",""],"star-half-alt_fas":["star-half-alt","fas",""],"star-half_far":["star-half","far","interfaces star-half-o"],"star-half_fas":["star-half","fas","interfaces star-half-o"],"star_far":["star","far","shapes star-o"],"star_fas":["star","fas","shapes star-o"],"staylinked_fab":["staylinked","fab",""],"steam-square_fab":["steam-square","fab",""],"steam-symbol_fab":["steam-symbol","fab",""],"steam_fab":["steam","fab",""],"step-backward_fas":["step-backward","fas","audio-video"],"step-forward_fas":["step-forward","fas","audio-video"],"stethoscope_fas":["stethoscope","fas","medical"],"sticker-mule_fab":["sticker-mule","fab",""],"sticky-note_far":["sticky-note","far","writing sticky-note-o"],"sticky-note_fas":["sticky-note","fas","writing sticky-note-o"],"stop-circle_far":["stop-circle","far","audio-video stop-circle-o"],"stop-circle_fas":["stop-circle","fas","audio-video stop-circle-o"],"stop_fas":["stop","fas","audio-video"],"stopwatch_fas":["stopwatch","fas","objects"],"store-alt_fas":["store-alt","fas",""],"store_fas":["store","fas",""],"strava_fab":["strava","fab",""],"stream_fas":["stream","fas",""],"street-view_fas":["street-view","fas","users-people"],"strikethrough_fas":["strikethrough","fas","editors"],"stripe-s_fab":["stripe-s","fab","payments-shopping"],"stripe_fab":["stripe","fab","payments-shopping"],"stroopwafel_fas":["stroopwafel","fas",""],"studiovinari_fab":["studiovinari","fab",""],"stumbleupon-circle_fab":["stumbleupon-circle","fab",""],"stumbleupon_fab":["stumbleupon","fab",""],"subscript_fas":["subscript","fas","editors"],"subway_fas":["subway","fas","vehicles"],"suitcase-rolling_fas":["suitcase-rolling","fas",""],"suitcase_fas":["suitcase","fas","objects"],"sun_far":["sun","far","spinners sun-o"],"sun_fas":["sun","fas","spinners sun-o"],"superpowers_fab":["superpowers","fab",""],"superscript_fas":["superscript","fas","editors"],"supple_fab":["supple","fab",""],"surprise_far":["surprise","far",""],"surprise_fas":["surprise","fas",""],"swatchbook_fas":["swatchbook","fas",""],"swimmer_fas":["swimmer","fas",""],"swimming-pool_fas":["swimming-pool","fas",""],"sync-alt_fas":["sync-alt","fas","interfaces"],"sync_fas":["sync","fas","spinners refresh"],"syringe_fas":["syringe","fas","medical"],"table-tennis_fas":["table-tennis","fas","sports"],"table_fas":["table","fas","editors"],"tablet-alt_fas":["tablet-alt","fas","objects tablet"],"tablet_fas":["tablet","fas","objects"],"tablets_fas":["tablets","fas","medical"],"tachometer-alt_fas":["tachometer-alt","fas","objects tachometer"],"tag_fas":["tag","fas","payments-shopping"],"tags_fas":["tags","fas","payments-shopping"],"tape_fas":["tape","fas","moving"],"tasks_fas":["tasks","fas","editors"],"taxi_fas":["taxi","fas","vehicles cab"],"teamspeak_fab":["teamspeak","fab",""],"telegram-plane_fab":["telegram-plane","fab",""],"telegram_fab":["telegram","fab",""],"tencent-weibo_fab":["tencent-weibo","fab",""],"terminal_fas":["terminal","fas","code"],"text-height_fas":["text-height","fas","editors"],"text-width_fas":["text-width","fas","editors"],"th-large_fas":["th-large","fas","editors"],"th-list_fas":["th-list","fas","editors"],"th_fas":["th","fas","editors"],"themeco_fab":["themeco","fab",""],"themeisle_fab":["themeisle","fab",""],"thermometer-empty_fas":["thermometer-empty","fas","status thermometer-0"],"thermometer-full_fas":["thermometer-full","fas","status thermometer-4"],"thermometer-half_fas":["thermometer-half","fas","status thermometer-2"],"thermometer-quarter_fas":["thermometer-quarter","fas","status thermometer-1"],"thermometer-three-quarters_fas":["thermometer-three-quarters","fas","status thermometer-3"],"thermometer_fas":["thermometer","fas","medical"],"thumbs-down_far":["thumbs-down","far","status thumbs-o-down"],"thumbs-down_fas":["thumbs-down","fas","status thumbs-o-down"],"thumbs-up_far":["thumbs-up","far","status thumbs-o-up"],"thumbs-up_fas":["thumbs-up","fas","status thumbs-o-up"],"thumbtack_fas":["thumbtack","fas","writing thumb-tack"],"ticket-alt_fas":["ticket-alt","fas","objects ticket"],"times-circle_far":["times-circle","far","interfaces times-circle-o"],"times-circle_fas":["times-circle","fas","interfaces times-circle-o"],"times_fas":["times","fas","interfaces remove"],"tint-slash_fas":["tint-slash","fas",""],"tint_fas":["tint","fas","maps"],"tired_far":["tired","far",""],"tired_fas":["tired","fas",""],"toggle-off_fas":["toggle-off","fas","status"],"toggle-on_fas":["toggle-on","fas","status"],"toolbox_fas":["toolbox","fas",""],"tooth_fas":["tooth","fas",""],"trade-federation_fab":["trade-federation","fab",""],"trademark_fas":["trademark","fas","business"],"train_fas":["train","fas","vehicles"],"transgender-alt_fas":["transgender-alt","fas","gender"],"transgender_fas":["transgender","fas","gender intersex"],"trash-alt_far":["trash-alt","far","objects trash-o"],"trash-alt_fas":["trash-alt","fas","objects trash-o"],"trash_fas":["trash","fas","objects"],"tree_fas":["tree","fas","objects"],"trello_fab":["trello","fab",""],"tripadvisor_fab":["tripadvisor","fab",""],"trophy_fas":["trophy","fas","payments-shopping"],"truck-loading_fas":["truck-loading","fas","moving"],"truck-moving_fas":["truck-moving","fas","moving"],"truck_fas":["truck","fas","vehicles"],"tshirt_fas":["tshirt","fas",""],"tty_fas":["tty","fas","maps"],"tumblr-square_fab":["tumblr-square","fab",""],"tumblr_fab":["tumblr","fab",""],"tv_fas":["tv","fas","objects television"],"twitch_fab":["twitch","fab",""],"twitter-square_fab":["twitter-square","fab",""],"twitter_fab":["twitter","fab",""],"typo3_fab":["typo3","fab",""],"uber_fab":["uber","fab",""],"uikit_fab":["uikit","fab",""],"umbrella-beach_fas":["umbrella-beach","fas",""],"umbrella_fas":["umbrella","fas","objects"],"underline_fas":["underline","fas","editors"],"undo-alt_fas":["undo-alt","fas","interfaces"],"undo_fas":["undo","fas","interfaces rotate-left"],"uniregistry_fab":["uniregistry","fab",""],"universal-access_fas":["universal-access","fas","accessibility"],"university_fas":["university","fas","objects institution"],"unlink_fas":["unlink","fas","editors chain-broken"],"unlock-alt_fas":["unlock-alt","fas","status"],"unlock_fas":["unlock","fas","status"],"untappd_fab":["untappd","fab",""],"upload_fas":["upload","fas","interfaces"],"usb_fab":["usb","fab",""],"user-alt-slash_fas":["user-alt-slash","fas",""],"user-alt_fas":["user-alt","fas","users-people"],"user-astronaut_fas":["user-astronaut","fas",""],"user-check_fas":["user-check","fas",""],"user-circle_far":["user-circle","far","users-people user-circle-o"],"user-circle_fas":["user-circle","fas","users-people user-circle-o"],"user-clock_fas":["user-clock","fas",""],"user-cog_fas":["user-cog","fas",""],"user-edit_fas":["user-edit","fas",""],"user-friends_fas":["user-friends","fas",""],"user-graduate_fas":["user-graduate","fas",""],"user-lock_fas":["user-lock","fas",""],"user-md_fas":["user-md","fas","users-people"],"user-minus_fas":["user-minus","fas",""],"user-ninja_fas":["user-ninja","fas",""],"user-plus_fas":["user-plus","fas","users-people"],"user-secret_fas":["user-secret","fas","users-people"],"user-shield_fas":["user-shield","fas",""],"user-slash_fas":["user-slash","fas",""],"user-tag_fas":["user-tag","fas",""],"user-tie_fas":["user-tie","fas",""],"user-times_fas":["user-times","fas","users-people"],"user_far":["user","far","users-people user-o"],"user_fas":["user","fas","users-people user-o"],"users-cog_fas":["users-cog","fas",""],"users_fas":["users","fas","users-people group"],"ussunnah_fab":["ussunnah","fab",""],"utensil-spoon_fas":["utensil-spoon","fas","objects spoon"],"utensils_fas":["utensils","fas","objects cutlery"],"vaadin_fab":["vaadin","fab",""],"vector-square_fas":["vector-square","fas",""],"venus-double_fas":["venus-double","fas","gender"],"venus-mars_fas":["venus-mars","fas","gender"],"venus_fas":["venus","fas","gender"],"viacoin_fab":["viacoin","fab",""],"viadeo-square_fab":["viadeo-square","fab",""],"viadeo_fab":["viadeo","fab",""],"vial_fas":["vial","fas","medical"],"vials_fas":["vials","fas","medical"],"viber_fab":["viber","fab",""],"video-slash_fas":["video-slash","fas","chat"],"video_fas":["video","fas","chat video-camera"],"vimeo-square_fab":["vimeo-square","fab",""],"vimeo-v_fab":["vimeo-v","fab"," vimeo"],"vimeo_fab":["vimeo","fab",""],"vine_fab":["vine","fab",""],"vk_fab":["vk","fab",""],"vnv_fab":["vnv","fab",""],"volleyball-ball_fas":["volleyball-ball","fas","sports"],"volume-down_fas":["volume-down","fas","audio-video"],"volume-off_fas":["volume-off","fas","audio-video"],"volume-up_fas":["volume-up","fas","audio-video"],"vuejs_fab":["vuejs","fab",""],"walking_fas":["walking","fas",""],"wallet_fas":["wallet","fas",""],"warehouse_fas":["warehouse","fas","logistics"],"weebly_fab":["weebly","fab",""],"weibo_fab":["weibo","fab",""],"weight-hanging_fas":["weight-hanging","fas",""],"weight_fas":["weight","fas","medical"],"weixin_fab":["weixin","fab"," wechat"],"whatsapp-square_fab":["whatsapp-square","fab",""],"whatsapp_fab":["whatsapp","fab",""],"wheelchair_fas":["wheelchair","fas","vehicles"],"whmcs_fab":["whmcs","fab",""],"wifi_fas":["wifi","fas","maps"],"wikipedia-w_fab":["wikipedia-w","fab",""],"window-close_far":["window-close","far","code times-rectangle"],"window-close_fas":["window-close","fas","code times-rectangle"],"window-maximize_far":["window-maximize","far","code"],"window-maximize_fas":["window-maximize","fas","code"],"window-minimize_far":["window-minimize","far","code"],"window-minimize_fas":["window-minimize","fas","code"],"window-restore_far":["window-restore","far","code"],"window-restore_fas":["window-restore","fas","code"],"windows_fab":["windows","fab",""],"wine-glass-alt_fas":["wine-glass-alt","fas",""],"wine-glass_fas":["wine-glass","fas","objects"],"wix_fab":["wix","fab",""],"wolf-pack-battalion_fab":["wolf-pack-battalion","fab",""],"won-sign_fas":["won-sign","fas","currency krw"],"wordpress-simple_fab":["wordpress-simple","fab",""],"wordpress_fab":["wordpress","fab",""],"wpbeginner_fab":["wpbeginner","fab",""],"wpexplorer_fab":["wpexplorer","fab",""],"wpforms_fab":["wpforms","fab",""],"wrench_fas":["wrench","fas","objects"],"x-ray_fas":["x-ray","fas","medical"],"xbox_fab":["xbox","fab",""],"xing-square_fab":["xing-square","fab",""],"xing_fab":["xing","fab",""],"y-combinator_fab":["y-combinator","fab"," yc"],"yahoo_fab":["yahoo","fab",""],"yandex-international_fab":["yandex-international","fab",""],"yandex_fab":["yandex","fab",""],"yelp_fab":["yelp","fab",""],"yen-sign_fas":["yen-sign","fas","currency jpy"],"yoast_fab":["yoast","fab",""],"youtube-square_fab":["youtube-square","fab",""],"youtube_fab":["youtube","fab","audio-video youtube-play"]}